article_url,article_class
https://www.wsj.com/articles/natwest-pleads-guilty-to-anti-money-laundering-charges-11633645607,aml_cs
https://www.bbc.com/news/business-59689581,aml_aac
https://www.fca.org.uk/news/press-releases/natwest-fined-264.8million-anti-money-laundering-failures,aml_aac
https://www.ft.com/content/7144ff53-5a17-477b-ab75-4f4a88b94fd2,aml_cs
https://www.theguardian.com/australia-news/2019/nov/20/westpac-accused-of-more-than-23m-breaches-of-anti-money-laundering-laws,aml_aac
https://www.gtreview.com/news/global/share-price-and-reputational-damage-banks-count-cost-of-aml-failings/,aml_aac
https://www.economist.com/finance-and-economics/2021/04/12/the-war-against-money-laundering-is-being-lost,aml_aac
https://www.reuters.com/business/finance/credit-suisse-faces-money-laundering-charges-trial-bulgarian-cocaine-traffickers-2022-02-07/,aml_aac
https://www.amlintelligence.com/2021/11/%EF%BB%BFamli-news-a-completely-fabricated-affair-montenegro-president-dismisses-allegations-of-involvement-in-e20m-laundering-scheme/,aml_aac
https://ice365.com/news/austrac-launches-civil-proceedings-over-alleged-aml-and-ct-failings-at-crown/,aml_aac
https://www.moneylaunderingnews.com/2021/09/danske-bank-secures-a-big-victory-in-investor-suit-based-on-alleged-aml-violations/,aml_aac
https://www.theguardian.com/australia-news/2022/mar/01/austrac-takes-legal-action-against-crown-resorts-alleging-breach-of-finance-laws,aml_aac
https://www.cnbc.com/2022/03/14/tencent-shares-plunge-after-report-of-record-fine-for-money-laundering.html,aml_aac
https://www.pymnts.com/news/international/2021/monzo-faces-fca-investigation-into-alleged-aml-contraventions/,aml_aac
https://apnews.com/article/business-middle-east-france-lebanon-germany-c26e403b09f10cb1f2e5dd650363572f,aml_aac
https://www.cps.gov.uk/cps/news/anti-money-laundering-expert-convicted-allowing-criminal-money-be-sent-abroad,aml_cs
https://www.reuters.com/business/finance/natwest-pleads-guilty-money-laundering-offences-2021-10-07/,aml_cs
https://www.nationalcrimeagency.gov.uk/news/convicted-money-launderer-who-smuggled-millions-out-of-the-uk-wanted-by-the-nca,aml_cs
https://www.thenews.com.pk/print/913438-only-one-conviction-in-last-four-years-under-aml-law-mps-panel-told,aml_cs
https://www.mishcon.com/news/fca-secures-criminal-conviction-of-natwest-for-money-laundering-breaches,aml_cs
https://www.investmentexecutive.com/news/from-the-regulators/u-k-bank-hit-with-huge-fine-over-anti-money-laundering-lapses/,aml_cs
https://www.clinicaltrialsarena.com/news/apollomics-doses-aml-trial/,no_aml
https://www.aml.gov.sa/en-us/News/Pages/news011062019.aspx,aml_aac
https://www.cnbc.com/2022/02/07/credit-suisse-faces-charges-in-trial-of-bulgarian-cocaine-traffickers.html,aml_aac
https://www.grcworldforums.com/money-laundering/aml-expert-sentenced-in-money-laundering-case/2311.article,aml_cs
https://www.smartsearch.com/resources/blog/biggest-fraud-and-money-laundering-cases,aml_cs
https://www.renshawderrick.co.uk/site/firm-news/anti-money-laundering-expert-convicted-for-failure-to-report,aml_cs
https://www.justice.gov/usao-sdny/pr/third-founder-cryptocurrency-exchange-pleads-guilty-bank-secrecy-act-violations,aml_cs
https://www.pinsentmasons.com/out-law/news/sentences-for-money-laundering-getting-longer-research,aml_cs
https://www.twobirds.com/en/insights/2021/global/natwest-to-face-the-first-criminal-prosecution-by-the-fca,aml_cs
https://www.paulweiss.com/practices/litigation/economic-sanctions-aml/publications/economic-sanctions-and-anti-money-laundering-developments-2021-year-in-review?id=42359,aml_cs
https://www.wsj.com/articles/treasury-yields-resume-climb-to-start-quarter-helped-by-jobs-data-11648822426?mod=markets_lead_pos2,no_aml
https://www.cnbc.com/2022/04/01/as-wall-street-banks-embrace-crypto-start-ups-look-to-lure-top-finance-talent-.html,no_aml
https://www.reuters.com/world/us/ny-feds-williams-balance-sheet-run-off-could-start-soon-may-2022-04-02/,no_aml
https://www.business-standard.com/article/finance/narcl-chairman-pradip-shah-quit-before-rbi-nod-state-bank-of-india-122040101626_1.html,no_aml
https://www.marketwatch.com/story/why-gold-and-platinum-are-a-window-into-the-stock-markets-future-and-what-investors-can-expect-11648583926?mod=home-page,no_aml
https://www.economist.com/finance-and-economics/2022/04/02/americas-gas-frackers-limber-up-to-save-europe,no_aml
https://www.reuters.com/business/autos-transportation/tesla-delivers-record-vehicles-q1-beats-analysts-estimates-2022-04-02/,no_aml
https://www.theguardian.com/business/2022/apr/02/doug-bannister-head-of-the-port-of-dover-were-at-the-centre-of-brexit-i-signed-up-for-that,no_aml
https://www.thenews.com.pk/latest/942340-oil-jumps-more-than-5-on-russia-tensions,no_aml
https://www.justice.gov/opa/pr/man-sentenced-46-months-prison-firearm-offenses,no_aml
https://www.justice.gov/opa/pr/ms-13-leader-sentenced-life-federal-prison-racketeering-conspiracy-and-murder,no_aml
https://edition.cnn.com/2022/04/02/politics/ketanji-brown-jackson-diversity-federal-bench-black-judges/index.html,no_aml
https://www.ndtv.com/world-news/us-responds-to-imran-khans-foreign-conspiracy-allegation-no-truth-2855661,no_aml
https://globalnews.ca/news/4882700/amanda-knox-damages-human-rights/,no_aml